543461,17150,14641161,pv,1511658000
543462,17151,14641162,pv,1511658000
543463,17152,14641163,pv,1511658000
543464,17153,14641164,pv,1511658000
543465,17154,14641165,pv,1511658000
543466,17155,14641166,pv,1511658000
543467,17156,14641167,pv,1511658000
543468,17157,14641168,pv,1511658000
543469,17158,14641169,pv,1511658000
543470,17159,14641160,pv,1511658000
543461,17150,14641161,pv,1511658100
543462,17151,14641162,pv,1511658100
543463,17152,14641163,pv,1511658100
543464,17153,14641164,pv,1511658100
543465,17154,14641165,pv,1511658100
543466,17155,14641166,pv,1511658100
543467,17156,14641167,pv,1511658100
543468,17157,14641168,pv,1511658100
543469,17158,14641169,pv,1511658100
543470,17159,14641160,pv,1511658100